{
  "pk_mae": 2.6486693232226814,
  "pk_samples": 113,
  "pk_r2": 0.6847950140103181,
  "cls_acc": 0.896551724137931,
  "cls_samples": 113
}